age,income,education_years,experience_years,satisfaction_score,department,city,performance_rating,hire_date
40,253315.33,11,13,6.3,HR,Phoenix,4,2022-01-25
33,232081.01,13,15,8.8,HR,Chicago,3,2023-05-23
42,86427.63,11,2,9.1,Sales,Houston,2,2021-02-02
53,142038.87,13,27,5.4,Marketing,Houston,3,2021-02-13
32,111214.93,8,4,9.6,Engineering,Los Angeles,1,2020-05-10
32,122024.04,14,3,10.0,Sales,Chicago,4,2022-05-04
53,136361.58,14,0,9.2,HR,Chicago,2,2020-05-27
44,104770.05,11,0,9.6,Sales,Phoenix,4,2021-01-15
29,222488.49,15,9,10.0,Sales,Houston,4,2023-02-06
41,86700.54,16,4,10.0,Finance,New York,2,2021-07-05
29,146658.36,9,2,8.2,Sales,Los Angeles,3,2023-02-18
29,113645.78,11,7,10.0,Sales,Los Angeles,4,2020-10-21
37,236777.93,11,2,6.5,Marketing,Los Angeles,3,2023-02-17
18,54032.63,11,0,,Sales,Los Angeles,2,2021-03-31
18,224918.49,16,0,6.3,Engineering,New York,3,2020-06-17
28,138320.62,13,10,10.0,HR,New York,3,2021-12-10
22,72368.16,13,4,3.4,Marketing,Phoenix,3,2023-03-12
38,64150.51,8,5,10.0,Sales,Houston,2,2020-02-06
24,88954.39,15,3,10.0,Engineering,New York,3,2023-07-08
18,89790.11,10,0,5.3,HR,Phoenix,3,2020-08-18
52,186775.34,14,13,10.0,Marketing,Chicago,4,2020-09-10
32,75235.67,14,3,9.9,Engineering,Houston,3,2020-11-24
35,105475.32,18,1,8.2,Sales,New York,4,2023-08-13
18,211987.45,10,0,9.6,Finance,Chicago,3,2022-09-06
28,193823.22,8,5,,Finance,Phoenix,4,2020-01-10
36,135506.4,14,5,,Marketing,New York,3,2021-03-21
21,123435.55,19,3,10.0,Engineering,New York,4,2022-07-10
39,114528.34,17,2,10.0,HR,Chicago,3,2022-04-15
27,136214.98,14,3,10.0,Engineering,New York,4,2023-06-07
31,79050.04,12,13,10.0,Finance,Los Angeles,3,2020-03-18
27,120377.36,16,9,10.0,Marketing,New York,3,2020-07-11
57,38078.58,11,3,6.1,Sales,Houston,3,2021-02-04
34,133015.89,15,4,7.5,Engineering,Chicago,4,2020-04-18
22,138026.21,15,2,10.0,Finance,Houston,4,2022-03-02
44,157865.44,17,21,10.0,HR,Phoenix,3,2020-09-19
20,268051.49,22,1,7.3,Marketing,Houston,4,2020-11-24
37,95916.88,15,19,6.9,Sales,Los Angeles,4,2020-12-28
18,38417.56,12,0,10.0,Engineering,Los Angeles,5,2023-09-26
19,98117.91,13,1,10.0,HR,Houston,4,2020-09-15
37,110341.55,8,0,10.0,Sales,Phoenix,4,2023-09-20
43,221249.15,11,5,4.1,Finance,New York,3,2020-03-25
37,76216.77,12,4,5.3,Finance,Los Angeles,4,2020-11-03
33,143858.86,12,1,10.0,HR,Houston,3,2020-09-18
31,119693.16,14,8,10.0,Finance,Houston,5,2022-03-07
18,69956.14,11,0,8.9,Marketing,Houston,3,2021-09-22
26,198282.09,17,6,10.0,HR,New York,2,2021-11-10
29,181152.64,14,10,9.6,Finance,Chicago,2,2022-05-14
47,37976.13,13,0,,Engineering,Phoenix,4,2023-06-28
39,209714.18,13,4,10.0,Finance,Chicago,5,2020-11-19
18,173774.61,14,0,5.4,Marketing,Phoenix,1,2022-07-13
38,93230.92,16,7,5.6,Sales,Phoenix,4,2023-06-06
30,148723.29,11,12,7.5,Sales,Houston,4,2023-08-13
26,143192.43,12,8,10.0,Finance,Los Angeles,4,2021-12-27
42,95153.44,13,0,10.0,Sales,Houston,3,2023-06-14
47,60262.38,9,3,10.0,Finance,New York,4,2022-09-04
46,70862.02,11,6,8.6,Marketing,Phoenix,1,2020-08-04
24,94655.75,12,4,10.0,Sales,Los Angeles,4,2023-06-23
31,280029.78,16,13,9.5,Engineering,Phoenix,3,2021-03-23
38,188724.6,14,13,7.9,Finance,Phoenix,3,2020-11-14
46,97759.55,14,7,8.1,Sales,Houston,4,2022-09-20
29,159711.24,16,3,10.0,Marketing,Los Angeles,3,2020-02-06
32,22113.6,13,2,7.9,Marketing,Los Angeles,2,2021-12-31
21,161243.93,15,0,7.6,Engineering,Phoenix,4,2023-09-27
20,38498.03,13,2,5.3,Marketing,Los Angeles,3,2022-10-07
44,87253.23,14,4,9.3,Marketing,Los Angeles,3,2022-11-23
51,66183.47,12,9,5.4,Sales,Houston,3,2020-02-08
34,47902.27,8,8,5.5,Finance,Chicago,1,2020-07-27
47,149241.71,13,0,10.0,HR,New York,3,2022-04-09
39,96576.47,18,4,7.4,Marketing,Chicago,2,2022-05-05
27,117895.46,16,1,9.7,Marketing,Los Angeles,5,2023-03-21
39,96842.51,16,1,4.0,HR,Phoenix,1,2022-06-17
53,211588.88,17,14,,Marketing,New York,3,2023-10-20
34,90570.12,14,0,8.6,Sales,New York,2,2023-05-07
53,55066.35,14,4,9.9,Sales,Phoenix,2,2021-08-23
18,131477.47,12,0,10.0,HR,New York,4,2022-01-29
44,117455.81,13,16,5.0,Marketing,Phoenix,4,2023-01-07
36,54196.09,15,6,10.0,Marketing,New York,1,2021-03-09
31,87073.2,17,2,8.1,Finance,Chicago,1,2022-04-21
36,221113.75,13,5,10.0,Marketing,New York,2,2020-02-01
18,122218.81,12,0,10.0,Sales,Houston,4,2023-01-15
32,124463.89,14,14,10.0,Engineering,Phoenix,3,2021-01-27
39,80053.63,15,1,8.9,Engineering,New York,1,2023-06-21
52,108686.41,9,17,6.5,Engineering,Phoenix,3,2023-06-09
28,276959.28,8,10,10.0,Engineering,Houston,4,2022-06-28
25,130552.36,12,7,8.5,Marketing,New York,4,2020-07-10
28,126076.01,10,8,10.0,Marketing,New York,5,2020-09-26
45,180539.29,12,7,10.0,Finance,Houston,3,2022-01-07
38,112941.5,13,4,,Marketing,Houston,2,2020-03-17
28,105282.38,12,10,10.0,Engineering,Houston,3,2022-01-04
41,119827.53,18,6,10.0,HR,Phoenix,4,2022-06-02
36,121933.57,14,9,10.0,HR,Houston,5,2023-04-05
46,102660.14,14,4,9.9,Sales,Phoenix,3,2020-10-10
26,182878.58,15,8,4.1,Sales,Chicago,3,2023-01-17
31,122994.56,10,13,6.1,Marketing,New York,3,2021-06-27
30,148503.23,17,1,10.0,HR,New York,3,2021-10-10
18,80221.82,13,0,10.0,Engineering,Los Angeles,3,2023-03-25
38,127668.62,16,6,4.5,Engineering,Chicago,3,2020-09-06
38,45463.95,10,14,9.7,Engineering,Houston,1,2020-04-04
35,130919.68,9,4,,Marketing,Houston,3,2020-01-17
32,129122.6,16,3,8.4,Marketing,Chicago,4,2020-04-26
18,149536.5,15,0,10.0,Finance,Houston,1,2022-09-09
29,19714.7,11,2,9.4,Engineering,Los Angeles,2,2020-11-28
30,346669.91,11,12,,Engineering,Phoenix,3,2023-01-08
25,114302.13,17,5,10.0,Marketing,New York,4,2021-10-07
33,158005.03,10,5,6.3,Marketing,Chicago,4,2023-05-11
39,66501.29,18,2,9.9,Finance,New York,1,2020-04-25
57,134684.27,11,6,,Finance,Phoenix,3,2022-08-20
37,61657.18,15,3,10.0,Sales,Chicago,3,2023-05-28
38,61146.3,13,0,10.0,HR,Phoenix,4,2023-06-30
34,260046.72,15,2,10.0,Engineering,Houston,4,2023-04-07
18,72628.75,12,0,9.8,Engineering,Houston,4,2022-04-26
34,167612.87,13,16,9.1,Finance,Houston,3,2020-11-11
35,249119.57,14,17,10.0,Finance,Phoenix,5,2022-03-20
64,111670.7,10,4,6.9,Sales,Phoenix,5,2021-01-06
32,152693.21,16,10,8.3,HR,Phoenix,4,2022-01-29
38,110271.39,12,3,,Sales,New York,3,2022-05-26
34,388904.52,13,8,8.9,HR,Phoenix,3,2022-09-03
20,81506.51,11,2,6.1,Engineering,Houston,3,2020-06-04
48,155407.2,8,23,10.0,Sales,Los Angeles,1,2021-09-05
44,169491.47,13,4,10.0,Finance,Phoenix,3,2022-11-02
44,313065.81,21,12,,Sales,Los Angeles,4,2021-05-22
24,188026.23,16,2,10.0,Sales,Houston,4,2021-04-09
51,304624.11,13,33,,Engineering,Phoenix,5,2022-02-21
18,47164.97,13,0,8.2,Finance,New York,2,2022-03-14
42,266276.12,14,7,4.6,Finance,New York,2,2020-08-07
61,71653.0,15,8,8.8,Marketing,Los Angeles,4,2020-01-15
23,105620.57,10,5,7.2,Marketing,New York,3,2020-04-26
28,70608.37,17,1,8.6,Marketing,New York,2,2020-11-26
36,173736.69,16,18,10.0,Engineering,New York,5,2020-02-25
28,116854.26,16,1,6.3,Sales,Houston,4,2023-10-06
18,106613.92,15,0,,Finance,New York,3,2023-03-01
35,118389.97,14,2,10.0,Finance,Chicago,4,2023-06-03
22,232740.01,16,2,10.0,Sales,Phoenix,4,2020-11-03
40,148067.3,15,6,4.9,Finance,New York,4,2020-08-09
23,84855.12,12,4,9.5,Sales,New York,4,2023-04-11
53,135847.89,12,1,7.4,Engineering,New York,2,2023-09-25
25,165875.73,14,1,10.0,Engineering,Chicago,4,2022-03-07
31,66048.0,18,4,10.0,Engineering,New York,1,2023-03-26
44,151767.06,10,11,8.2,Sales,New York,1,2020-05-30
20,107769.55,9,2,9.0,Sales,Phoenix,5,2023-04-16
37,75108.35,14,0,10.0,HR,Chicago,3,2020-04-21
50,199403.18,14,3,8.5,Finance,Chicago,4,2021-11-13
18,80857.28,14,0,10.0,Finance,New York,4,2023-03-07
37,92805.11,14,0,9.0,HR,Chicago,5,2023-06-10
38,107242.24,13,8,10.0,HR,Los Angeles,4,2020-11-27
44,138346.06,18,7,9.0,Engineering,Chicago,3,2022-06-11
20,41877.61,9,1,8.8,HR,Chicago,3,2023-08-23
19,38976.03,11,1,6.8,Sales,Chicago,2,2020-06-09
41,185379.74,13,0,10.0,Marketing,Houston,3,2020-10-04
38,76803.19,9,14,10.0,Sales,Houston,3,2023-09-05
38,101758.75,13,20,8.9,HR,Houston,3,2022-06-15
39,36377.82,18,1,9.6,Finance,Chicago,4,2021-05-11
26,69654.18,14,2,5.5,Sales,Los Angeles,5,2023-10-18
37,80960.0,14,16,9.3,Finance,Chicago,4,2023-10-27
38,330149.86,10,20,8.4,Sales,New York,4,2021-10-16
26,158845.52,12,4,5.4,Finance,Los Angeles,3,2022-11-25
57,56634.99,12,0,9.4,Sales,Houston,1,2020-10-29
40,257590.66,13,0,8.0,Finance,Phoenix,3,2021-03-13
20,176212.28,17,2,3.3,Marketing,Los Angeles,4,2021-12-26
42,88755.17,15,3,6.5,Engineering,Houston,3,2022-11-21
23,20815.32,10,0,10.0,Sales,Los Angeles,4,2020-07-04
44,369920.95,14,7,3.0,Marketing,Los Angeles,3,2023-04-12
48,45320.04,15,0,10.0,Engineering,Chicago,2,2021-11-03
25,58142.78,17,7,2.7,Sales,New York,3,2023-06-27
46,186505.28,18,2,10.0,Marketing,Phoenix,3,2022-09-27
39,245984.4,10,0,8.9,Marketing,Houston,3,2020-10-05
44,205700.88,11,7,10.0,Marketing,Los Angeles,4,2021-11-13
57,115545.92,10,4,3.0,HR,Phoenix,4,2022-10-22
32,191169.27,13,14,10.0,Finance,Los Angeles,3,2023-05-02
25,180839.07,15,6,10.0,Engineering,New York,4,2023-04-04
24,151794.96,16,2,10.0,Finance,Phoenix,3,2022-10-07
25,129781.74,13,7,10.0,Finance,Houston,5,2022-07-13
34,96792.02,13,2,3.9,Finance,Los Angeles,3,2023-02-07
39,160496.28,14,18,5.0,Marketing,New York,4,2021-01-14
38,60157.23,11,3,6.7,Finance,Phoenix,3,2022-04-14
44,123086.05,20,6,10.0,HR,Los Angeles,3,2022-09-25
35,29595.44,9,0,5.2,Sales,Los Angeles,2,2020-10-11
52,99570.43,14,4,9.7,Marketing,Houston,3,2021-02-24
31,109654.74,20,13,9.0,Engineering,New York,3,2020-04-22
65,82822.03,14,13,7.7,Sales,Chicago,3,2022-10-14
42,100525.47,13,2,7.0,Sales,Los Angeles,5,2020-08-15
24,176269.38,12,2,4.2,Sales,Phoenix,4,2021-06-11
22,158639.4,13,4,10.0,Finance,Houston,4,2021-05-10
40,95054.81,18,21,8.7,Finance,Houston,4,2020-01-31
32,39853.78,8,0,10.0,Marketing,Los Angeles,5,2020-06-10
43,195306.73,18,4,10.0,Finance,Los Angeles,3,2021-12-05
40,48551.1,9,3,7.4,Finance,Los Angeles,3,2021-12-22
34,134373.59,13,16,8.7,Finance,Chicago,4,2021-03-21
24,105185.78,12,0,8.8,Marketing,Los Angeles,4,2022-01-13
18,55944.67,15,0,10.0,Marketing,New York,3,2021-03-02
29,112735.15,9,11,10.0,HR,Phoenix,3,2021-05-18
45,46596.37,15,0,10.0,HR,Los Angeles,3,2021-12-21
37,100817.98,20,5,9.7,HR,Chicago,5,2021-11-14
20,89059.06,9,2,7.9,HR,Phoenix,3,2021-08-04
37,45194.64,14,3,3.7,Sales,Houston,5,2022-11-23
39,119493.38,12,4,10.0,Sales,Los Angeles,5,2022-01-05
24,116872.18,15,6,,HR,Phoenix,4,2021-11-21
36,120632.48,14,1,7.8,HR,Houston,3,2022-01-27
35,116166.37,12,6,10.0,Engineering,Chicago,3,2022-01-23
21,206513.88,15,3,6.3,Sales,New York,1,2020-01-24
39,173785.65,19,11,9.0,Engineering,Los Angeles,2,2023-05-24
41,70756.28,13,1,10.0,Engineering,New York,4,2020-02-24
47,105392.88,16,1,10.0,Finance,Chicago,3,2022-11-15
47,104831.16,10,2,10.0,Marketing,Phoenix,2,2023-07-28
18,78148.6,11,0,9.8,Sales,Phoenix,3,2022-03-14
23,111180.26,15,4,7.8,HR,Chicago,5,2020-11-22
41,103796.46,18,9,9.2,HR,Chicago,3,2022-08-27
41,65175.59,15,0,9.8,Marketing,Los Angeles,5,2020-07-04
41,41423.62,13,0,7.2,Sales,Houston,3,2021-05-09
65,230374.02,13,3,5.1,HR,New York,3,2022-11-01
41,56544.27,10,9,5.7,HR,New York,1,2021-03-09
48,67415.37,15,1,7.2,Finance,Phoenix,3,2020-07-26
46,92298.21,16,8,10.0,Engineering,Phoenix,4,2020-05-12
42,137479.45,12,2,10.0,HR,Los Angeles,3,2023-09-24
31,113749.94,12,13,8.6,Sales,Chicago,3,2023-05-04
44,309030.01,14,18,8.7,Marketing,New York,4,2023-07-09
25,62756.8,12,2,8.3,Finance,Los Angeles,4,2023-07-29
32,105631.97,13,2,8.9,Sales,Phoenix,4,2021-01-03
29,86099.62,20,4,9.1,Finance,Phoenix,3,2023-01-31
35,268550.4,13,2,7.8,Engineering,New York,3,2023-04-21
62,61767.36,12,8,10.0,HR,Phoenix,5,2021-02-26
18,93280.63,12,0,10.0,Sales,Phoenix,4,2022-10-29
43,181474.81,16,8,5.5,Marketing,Houston,5,2020-08-31
18,102724.78,13,0,10.0,Engineering,Chicago,3,2022-02-20
29,87389.91,12,4,3.2,Engineering,Phoenix,4,2021-09-15
48,96483.91,17,1,10.0,Finance,Houston,4,2021-07-20
35,155903.15,18,10,10.0,Engineering,Los Angeles,2,2021-06-10
22,85367.29,12,3,10.0,Sales,Phoenix,4,2020-02-06
26,148182.29,8,8,7.4,Finance,Los Angeles,4,2020-06-26
43,325729.79,17,2,4.4,Engineering,Phoenix,2,2021-09-30
26,57710.33,11,0,8.5,Marketing,New York,2,2022-05-01
37,92822.03,16,19,3.8,Sales,Houston,4,2020-03-12
35,65672.52,8,1,,Marketing,Houston,2,2020-12-17
27,497290.51,16,9,5.4,Marketing,New York,2,2021-09-14
60,121491.63,10,30,10.0,Finance,Chicago,3,2023-03-18
42,342858.63,16,12,6.5,HR,Houston,2,2020-04-14
18,201656.12,14,0,10.0,Finance,Los Angeles,5,2020-08-08
37,75170.0,11,6,9.2,Sales,Houston,3,2022-05-12
27,153969.91,12,9,8.1,Sales,Chicago,3,2023-10-29
45,234455.23,16,2,8.8,Finance,Los Angeles,5,2021-06-01
25,90133.61,14,5,5.6,HR,Los Angeles,3,2023-07-07
33,110702.88,15,7,4.5,Finance,New York,3,2020-10-25
41,94484.57,19,4,10.0,Sales,Phoenix,4,2022-05-10
45,49851.16,9,4,8.2,HR,New York,3,2020-02-11
20,80845.15,18,2,9.1,Sales,Phoenix,3,2022-02-09
30,61442.86,14,6,4.9,HR,New York,4,2022-06-15
29,120238.68,11,11,4.3,HR,Phoenix,4,2021-05-06
27,51893.6,10,1,5.8,Finance,Houston,4,2022-12-06
56,192459.66,13,21,5.9,Finance,Los Angeles,5,2020-03-25
39,62889.04,16,9,8.7,Finance,Phoenix,4,2022-12-17
19,103480.6,13,1,,HR,Houston,4,2022-09-17
46,200535.82,18,6,9.5,HR,Chicago,4,2021-12-11
60,40740.98,9,12,8.4,Sales,New York,1,2020-07-27
47,100703.66,13,0,10.0,Marketing,Chicago,3,2023-06-25
18,134185.93,10,0,7.7,Finance,Houston,4,2023-05-19
29,49586.32,15,0,,Sales,Chicago,3,2020-02-08
50,403117.47,16,17,,Sales,Chicago,2,2023-06-29
26,137921.38,12,8,6.2,Engineering,Houston,3,2022-07-14
40,50543.57,8,2,4.8,Finance,Los Angeles,3,2022-01-31
44,88998.46,14,1,4.6,Sales,Phoenix,3,2022-08-03
23,150031.08,15,5,9.5,Engineering,New York,4,2020-02-21
34,103735.91,15,2,10.0,Finance,Phoenix,5,2021-01-08
18,128364.58,17,0,8.7,HR,New York,4,2022-07-19
22,45835.33,10,0,7.2,Engineering,Phoenix,4,2020-06-04
31,107902.36,16,1,5.5,HR,Chicago,3,2023-01-18
20,53194.2,17,2,,Marketing,Los Angeles,3,2021-11-09
54,86564.57,8,8,4.5,Marketing,Chicago,3,2020-12-16
18,55465.41,14,0,,Marketing,Los Angeles,4,2020-03-09
29,63605.44,12,3,10.0,Marketing,Houston,2,2023-04-01
36,224699.51,13,9,5.3,Sales,New York,3,2023-06-19
52,211514.83,15,7,9.0,Marketing,New York,4,2022-12-11
18,108339.64,12,0,4.1,Sales,Houston,3,2021-10-15
48,64045.21,11,9,6.6,Sales,Phoenix,5,2020-03-03
35,96725.15,14,6,7.9,Finance,Houston,4,2021-05-23
23,159854.23,10,4,2.9,Sales,Houston,3,2020-10-18
40,85760.67,10,2,10.0,Sales,Los Angeles,3,2023-01-19
37,466694.97,16,11,8.4,Marketing,Houston,4,2022-03-31
27,97257.39,10,2,10.0,Sales,New York,3,2023-10-20
35,144911.55,15,9,10.0,HR,Chicago,2,2020-05-29
30,85565.95,15,2,10.0,Marketing,Los Angeles,3,2023-07-18
36,94340.11,8,7,10.0,Engineering,Los Angeles,5,2022-05-30
42,105997.16,11,10,9.9,Marketing,Phoenix,3,2023-02-13
54,146692.86,17,1,6.1,Sales,Chicago,5,2021-12-04
20,123042.92,11,0,8.8,HR,Los Angeles,4,2021-05-30
60,56627.66,12,1,10.0,Marketing,Houston,2,2023-06-18
18,46661.48,15,0,6.8,HR,Los Angeles,4,2020-01-30
33,65974.56,16,15,10.0,Engineering,Los Angeles,3,2023-03-12
42,107678.45,13,0,5.8,Engineering,Los Angeles,3,2020-11-21
38,69026.04,12,10,8.8,Finance,Phoenix,4,2022-08-06
27,39852.33,18,3,3.9,Finance,Los Angeles,4,2020-01-16
32,159874.37,19,5,10.0,Marketing,Los Angeles,2,2020-04-20
29,509031.99,16,11,7.9,Finance,Phoenix,5,2022-05-21
27,99927.0,14,3,10.0,HR,Chicago,4,2021-12-13
45,144976.4,11,5,10.0,Finance,New York,5,2020-04-16
39,79447.53,11,0,9.2,HR,Phoenix,3,2021-01-13
26,86408.9,15,0,10.0,Finance,Phoenix,5,2020-06-10
45,158124.69,15,2,4.5,Finance,Los Angeles,3,2020-10-09
38,87946.34,18,0,7.1,Finance,Los Angeles,2,2020-09-25
44,140097.16,15,7,7.9,Sales,New York,4,2021-04-28
42,97248.45,9,4,4.9,Sales,Los Angeles,4,2021-10-28
25,91269.4,17,6,5.8,Finance,Houston,3,2023-01-01
28,131498.23,11,1,10.0,HR,Los Angeles,3,2023-05-05
43,80522.16,12,2,2.6,Marketing,Los Angeles,1,2023-06-20
42,83622.54,14,8,10.0,Engineering,Houston,4,2021-08-20
34,247892.96,19,16,9.5,Sales,New York,3,2022-03-09
36,74155.3,22,0,7.4,Finance,Houston,3,2023-07-06
50,170342.59,15,17,10.0,Engineering,Phoenix,3,2022-03-08
27,108089.39,13,6,10.0,Sales,Houston,5,2023-03-18
41,203130.27,15,6,10.0,Marketing,Chicago,4,2021-01-24
32,149642.46,16,5,8.9,HR,Phoenix,4,2021-02-19
32,82486.97,13,0,8.5,Finance,Los Angeles,5,2021-03-01
48,158513.32,19,0,10.0,Marketing,Phoenix,3,2022-09-23
44,235785.34,14,7,8.7,Sales,New York,1,2023-05-25
44,137992.94,15,3,8.5,Finance,New York,1,2022-05-16
50,177956.86,15,19,10.0,Engineering,Houston,4,2020-03-26
35,56539.47,15,4,10.0,HR,Phoenix,3,2023-05-24
43,58206.06,16,1,10.0,Sales,Los Angeles,3,2021-02-26
31,102879.13,12,10,10.0,HR,New York,3,2023-09-05
38,64796.8,12,2,10.0,Finance,Los Angeles,3,2020-04-27
33,82685.96,10,5,9.5,Marketing,Chicago,3,2022-08-16
36,135425.81,15,9,10.0,HR,New York,5,2022-05-31
42,233797.75,16,18,10.0,Engineering,Houston,4,2022-09-18
25,118319.74,15,7,4.6,Sales,Chicago,5,2021-02-18
60,194760.35,19,9,10.0,Engineering,Phoenix,5,2021-08-21
22,103514.59,13,4,10.0,HR,Los Angeles,3,2020-02-09
20,38680.4,16,2,8.6,Marketing,New York,3,2023-03-30
48,49950.59,10,2,7.7,Marketing,Chicago,4,2021-12-03
44,74340.68,12,0,10.0,Engineering,Chicago,4,2021-06-20
42,56725.22,16,2,8.6,Finance,New York,3,2021-02-23
42,133822.02,16,1,6.7,Finance,Phoenix,5,2021-10-25
34,251388.99,13,8,7.5,Marketing,Phoenix,1,2020-04-04
24,199716.53,13,6,10.0,Engineering,Houston,3,2022-08-30
35,83720.32,9,7,9.9,Engineering,Phoenix,4,2021-10-11
26,168353.37,12,0,8.5,Engineering,Houston,3,2020-10-14
46,152559.55,16,10,8.7,HR,Chicago,2,2021-02-15
33,88213.01,15,3,5.8,Finance,New York,3,2021-02-03
25,90191.82,15,7,5.8,Finance,Phoenix,1,2021-06-11
31,97401.62,14,6,4.7,HR,Houston,4,2022-11-07
39,82548.58,14,3,9.6,Sales,Chicago,4,2020-05-15
28,91350.19,12,1,4.7,HR,Phoenix,4,2022-01-28
25,102313.66,16,0,4.7,Engineering,Los Angeles,4,2023-06-25
37,154576.13,15,14,6.5,HR,Chicago,3,2022-04-22
37,220265.56,15,19,8.8,Engineering,Phoenix,3,2021-12-10
28,202856.22,12,8,,Marketing,Chicago,2,2022-10-21
29,105089.09,8,0,10.0,Engineering,New York,3,2021-01-15
37,56000.97,17,4,7.0,Finance,New York,2,2021-05-23
18,22281.16,12,0,8.2,HR,New York,4,2022-03-16
18,121673.6,11,0,8.6,Engineering,Los Angeles,5,2021-04-20
26,50054.23,16,1,4.9,Sales,New York,3,2022-08-11
32,71401.54,12,0,3.5,Marketing,Los Angeles,4,2022-04-28
38,79202.16,17,9,8.2,Sales,New York,2,2022-06-15
52,42406.73,15,3,10.0,Sales,Chicago,4,2020-02-01
45,136155.51,16,2,5.8,Sales,Phoenix,4,2020-04-27
33,100854.23,9,0,6.6,Marketing,Phoenix,3,2023-04-22
34,95545.79,17,6,10.0,Marketing,New York,3,2020-07-09
22,28631.68,14,4,10.0,Marketing,Phoenix,4,2020-03-14
34,109438.91,12,16,8.5,Marketing,New York,4,2021-09-14
31,137824.31,14,6,9.4,Sales,New York,4,2023-01-31
38,39006.14,8,5,8.0,Finance,Houston,4,2022-05-20
25,99505.75,15,0,8.6,Finance,Houston,5,2021-08-08
41,93700.29,10,6,8.7,Marketing,Houston,2,2021-02-23
53,106007.12,9,3,6.4,HR,Los Angeles,2,2021-04-17
33,98888.54,9,7,8.9,Engineering,Houston,3,2020-04-23
39,69319.34,17,3,6.0,HR,New York,2,2023-08-29
43,159859.93,12,2,8.3,HR,Chicago,3,2020-11-25
30,93934.65,18,0,8.0,HR,Houston,4,2020-12-04
37,90632.4,12,3,10.0,Finance,Houston,3,2020-08-25
35,40992.84,8,0,8.6,Engineering,Chicago,3,2023-04-11
36,61101.78,10,1,8.2,HR,New York,5,2020-03-19
25,85046.63,17,7,9.3,Marketing,Los Angeles,1,2021-04-08
35,91927.7,13,4,6.5,Finance,Houston,3,2021-08-27
40,244427.95,12,6,10.0,Marketing,Chicago,4,2021-07-15
52,79008.03,14,16,9.7,Marketing,New York,4,2020-10-11
46,97244.02,15,28,6.2,HR,Phoenix,3,2020-08-10
60,265986.6,17,6,8.9,Marketing,Los Angeles,1,2021-08-15
25,123631.69,18,7,7.2,Engineering,Chicago,4,2023-07-13
45,65754.47,12,3,9.8,Marketing,Chicago,2,2021-01-07
37,134377.69,10,2,,HR,Chicago,2,2023-06-10
61,70825.27,12,4,9.4,Marketing,Houston,4,2022-06-29
25,293190.6,14,7,5.8,Finance,Phoenix,3,2022-04-07
24,139143.99,11,6,10.0,Finance,Los Angeles,3,2020-08-23
27,68716.43,11,3,8.8,Finance,New York,3,2021-11-01
18,266984.22,15,0,10.0,Sales,New York,5,2022-04-07
28,86381.08,13,8,,Finance,Phoenix,5,2022-02-01
25,132628.41,14,1,6.2,Finance,Chicago,3,2023-08-30
36,115145.05,11,6,10.0,Sales,Chicago,3,2021-01-14
39,232197.44,13,9,10.0,Finance,Chicago,3,2022-03-04
57,241411.08,11,9,,HR,Chicago,3,2021-09-05
46,148712.24,16,11,8.3,Finance,Chicago,3,2021-07-16
28,100912.39,17,10,6.0,Finance,Phoenix,4,2021-02-23
24,102838.62,8,5,10.0,Sales,Houston,3,2020-02-21
40,81515.2,11,10,5.4,HR,Los Angeles,3,2022-03-29
19,198260.61,9,1,8.8,Marketing,Chicago,3,2020-07-23
56,89815.71,12,1,8.3,Engineering,Houston,3,2022-09-27
49,69581.11,13,0,10.0,HR,New York,3,2021-12-31
29,83241.74,9,2,2.7,Marketing,Phoenix,3,2020-09-13
18,38885.4,11,0,10.0,HR,Houston,4,2020-07-03
51,60321.55,10,7,10.0,Marketing,Chicago,4,2020-05-24
33,277976.4,14,15,10.0,Marketing,Chicago,3,2022-11-03
49,65894.6,14,1,10.0,HR,Chicago,3,2020-09-02
18,45183.26,11,0,8.2,Sales,Houston,3,2020-07-05
27,165273.78,14,9,9.2,HR,Chicago,1,2023-09-22
35,144539.69,12,0,8.5,HR,Houston,4,2023-07-06
35,149571.43,13,5,6.6,Marketing,Chicago,3,2022-05-15
29,233944.5,19,7,10.0,Engineering,New York,4,2020-02-09
42,90543.54,18,6,10.0,Marketing,New York,4,2021-08-23
22,35676.3,10,0,8.8,Finance,Los Angeles,5,2022-08-19
33,200021.13,16,0,10.0,HR,Chicago,5,2022-09-12
36,80351.94,16,0,7.2,HR,Chicago,1,2023-10-06
41,86494.43,10,7,3.6,Sales,Houston,5,2020-01-09
43,238463.8,16,6,7.5,Marketing,Houston,4,2020-12-15
21,147715.68,18,2,8.3,Sales,Chicago,4,2020-03-24
18,91225.62,10,0,7.2,HR,Los Angeles,1,2021-06-16
50,371466.44,11,13,10.0,Marketing,Chicago,4,2022-09-15
38,71075.12,17,0,10.0,Marketing,Houston,2,2020-12-23
26,173257.18,14,5,10.0,Finance,Chicago,4,2021-01-12
53,135450.41,15,9,4.5,Finance,Houston,1,2020-06-20
36,114221.75,15,2,10.0,Engineering,Chicago,4,2022-11-14
49,214450.69,15,2,6.6,Finance,Phoenix,3,2021-01-27
35,126395.31,10,7,8.2,Marketing,Houston,3,2023-01-31
59,243836.62,17,18,10.0,Finance,Los Angeles,2,2021-12-02
56,276587.01,17,13,10.0,Engineering,Phoenix,3,2023-06-13
32,90472.12,13,6,3.3,HR,Chicago,2,2021-07-02
46,82352.94,13,10,7.7,Finance,Houston,3,2022-02-22
42,47061.53,9,3,5.8,Marketing,Phoenix,4,2020-11-27
51,47552.26,15,8,9.6,HR,Los Angeles,4,2022-03-04
23,317279.34,15,5,5.7,Marketing,Houston,4,2021-10-10
43,50518.51,13,1,7.9,HR,Phoenix,2,2022-09-09
47,127285.58,17,9,10.0,Marketing,Phoenix,3,2022-11-18
18,69567.36,12,0,7.1,Finance,Phoenix,3,2021-06-26
20,116460.13,15,2,9.1,Finance,New York,5,2022-11-08
18,109208.68,10,0,10.0,Engineering,Chicago,4,2023-03-17
31,128430.84,13,0,10.0,HR,Houston,3,2021-05-05
43,71763.58,13,3,7.4,Engineering,Houston,2,2020-10-09
53,80170.26,14,0,10.0,Sales,Houston,4,2022-05-11
35,142629.02,12,11,10.0,Finance,Phoenix,4,2020-04-22
54,106951.11,13,9,10.0,HR,Chicago,4,2023-09-15
18,210909.46,16,0,,Engineering,Los Angeles,4,2023-07-02
18,102124.18,12,0,6.2,Engineering,Houston,3,2022-05-11
34,119564.87,9,4,10.0,Sales,Chicago,2,2021-09-01
39,227386.46,19,11,10.0,Engineering,Chicago,3,2021-05-22
34,219405.72,18,4,10.0,Marketing,New York,3,2021-04-10
18,79511.58,10,0,8.7,Finance,Houston,3,2022-04-03
33,86397.26,16,15,8.3,Engineering,Phoenix,3,2021-08-31
19,102446.04,12,1,10.0,Engineering,Chicago,3,2023-01-26
43,66077.29,14,1,7.0,Sales,Chicago,3,2020-10-16
39,90333.62,14,7,10.0,Marketing,Los Angeles,3,2022-05-17
23,139977.18,13,5,7.2,Engineering,New York,2,2023-03-25
28,162891.7,11,3,9.9,Finance,Chicago,3,2022-02-20
22,77078.0,11,0,8.0,Finance,Chicago,4,2020-06-10
34,102346.13,11,3,8.8,Engineering,Phoenix,4,2021-09-15
46,223281.45,11,5,9.0,Marketing,Phoenix,3,2021-12-17
23,98920.91,13,1,10.0,Finance,Los Angeles,3,2023-01-25
41,392091.75,11,8,6.5,Finance,Los Angeles,1,2021-07-20
28,187912.44,16,10,10.0,Marketing,Los Angeles,4,2022-09-20
25,50592.55,18,4,8.4,Marketing,Phoenix,3,2023-02-14
33,133905.57,12,3,8.9,Engineering,Phoenix,3,2023-04-27
22,126547.05,14,4,10.0,HR,New York,4,2023-09-08
28,173020.8,15,0,6.8,Sales,Houston,3,2021-08-18
20,139831.25,15,2,10.0,HR,Houston,1,2023-04-18
58,97593.12,14,4,8.7,HR,New York,3,2023-04-19
35,58872.2,16,3,10.0,Finance,Houston,3,2022-08-16
26,114490.98,15,8,4.1,Marketing,Phoenix,3,2022-10-09
37,56965.92,10,4,6.5,Finance,Houston,4,2023-08-03
33,98885.9,16,8,3.9,Sales,Phoenix,3,2021-04-19
32,126728.29,16,0,7.8,Engineering,New York,4,2021-09-09
42,290008.32,11,13,8.8,Sales,Los Angeles,3,2021-10-02
44,222958.7,14,22,5.0,Finance,New York,3,2020-09-18
28,72696.04,16,8,10.0,Finance,Houston,3,2020-06-10
28,156478.76,13,10,5.7,Finance,Phoenix,3,2020-06-29
31,187279.55,17,1,9.7,Finance,Houston,3,2021-12-25
18,82992.93,21,0,8.1,HR,Houston,3,2021-04-13
18,71319.76,11,0,3.9,Engineering,Los Angeles,4,2020-01-21
51,90360.48,9,6,10.0,HR,Houston,3,2023-07-22
54,70639.24,14,4,10.0,Finance,Los Angeles,2,2020-09-16
32,150153.53,16,3,10.0,Marketing,Phoenix,2,2023-09-18
41,82555.43,13,1,10.0,HR,Phoenix,1,2021-04-10
38,144227.56,18,3,7.0,Finance,Los Angeles,3,2023-02-13
65,46485.6,9,1,7.8,Finance,New York,2,2021-06-20
48,113805.64,16,10,6.0,Engineering,Phoenix,1,2022-08-09
33,120383.55,12,1,7.0,Sales,New York,3,2022-02-04
23,87403.81,19,0,8.7,HR,Phoenix,4,2022-08-16
18,249744.25,19,0,10.0,HR,Phoenix,2,2022-07-22
37,84307.31,11,7,10.0,HR,Chicago,3,2022-04-30
25,120680.8,12,7,9.5,Finance,Houston,4,2023-07-04
18,150513.32,16,0,5.6,Engineering,Houston,5,2023-04-06
27,45208.32,12,3,10.0,Finance,New York,4,2021-06-16
22,41557.21,13,4,,Finance,Houston,3,2020-01-15
55,52839.0,14,6,7.4,Marketing,New York,4,2020-02-19
45,122894.15,8,0,8.9,Engineering,Phoenix,3,2022-09-25
34,82400.3,13,6,8.4,HR,Chicago,3,2020-10-30
52,534382.08,11,19,10.0,Sales,Chicago,4,2021-02-19
35,72305.47,12,4,10.0,HR,Phoenix,3,2020-10-31
24,122664.13,18,2,,Finance,Los Angeles,5,2020-07-14
53,164883.15,10,1,10.0,Engineering,Los Angeles,4,2022-03-23
41,270316.31,16,1,10.0,Engineering,Houston,4,2022-03-10
22,280964.18,13,4,7.5,Engineering,New York,4,2021-01-22
32,206322.72,13,7,10.0,Marketing,Chicago,3,2022-01-26
24,157557.02,16,0,5.8,HR,Houston,3,2021-03-30
18,122094.94,15,0,7.4,Marketing,Phoenix,4,2021-12-13
46,207674.29,15,11,6.8,Sales,Chicago,4,2021-12-05
57,96763.31,16,7,10.0,Finance,New York,4,2022-04-27
18,55481.76,13,0,7.2,Marketing,New York,4,2023-08-26
41,79759.42,12,0,10.0,Marketing,Los Angeles,5,2023-02-24
27,83382.89,10,5,,Finance,Houston,4,2020-06-23
29,82078.21,11,7,4.6,Engineering,Phoenix,3,2023-03-03
27,238686.94,22,9,7.7,Finance,Chicago,2,2022-12-25
24,205513.84,17,6,10.0,HR,New York,4,2023-10-20
35,79329.67,9,2,6.7,Finance,Chicago,3,2020-10-05
25,205256.73,10,7,10.0,Engineering,Phoenix,3,2022-01-27
38,53865.01,15,1,6.5,Finance,Chicago,3,2020-12-28
34,148337.84,15,16,6.4,Marketing,Houston,4,2020-06-19
32,107851.2,15,14,,Sales,Los Angeles,4,2022-12-10
24,34490.22,13,1,8.8,Marketing,Chicago,4,2023-09-13
28,120214.62,13,10,4.2,Sales,Los Angeles,3,2021-10-26
44,82009.88,14,0,10.0,Finance,Phoenix,4,2021-08-14
41,222908.17,14,4,10.0,HR,Los Angeles,4,2022-07-19
23,112009.17,8,5,3.3,Finance,Chicago,3,2023-03-14
36,65067.47,13,6,7.9,Engineering,Chicago,3,2020-09-30
44,395072.05,11,21,10.0,Finance,New York,3,2023-03-24
18,160489.79,14,0,6.2,Sales,Chicago,3,2021-05-22
41,194335.87,22,5,8.4,Marketing,Los Angeles,4,2020-12-28
27,117549.2,15,9,10.0,HR,New York,3,2023-09-10
41,111152.38,13,23,10.0,Finance,Chicago,5,2022-04-27
25,78386.58,16,0,9.3,Finance,Chicago,2,2021-10-16
18,156477.11,15,0,10.0,Marketing,Phoenix,3,2020-10-24
18,232951.11,15,0,7.7,HR,New York,3,2021-05-08
35,324061.24,15,13,10.0,Finance,Phoenix,1,2021-06-29
38,93854.2,20,2,7.0,Finance,Phoenix,3,2020-10-30
24,43570.2,10,1,7.7,Sales,Phoenix,3,2022-06-22
42,116897.81,15,4,10.0,Sales,Houston,3,2020-08-26
18,31499.21,11,0,10.0,Engineering,Phoenix,3,2021-10-11
34,122717.04,15,3,,Marketing,Los Angeles,4,2022-06-02
20,70836.95,11,0,7.8,HR,Chicago,3,2023-04-14
27,85437.78,12,7,8.7,Finance,Houston,2,2021-02-13
35,69615.55,13,17,10.0,Finance,Phoenix,4,2021-12-26
24,140375.11,16,3,10.0,Engineering,Chicago,2,2023-10-19
30,75959.17,16,1,5.8,Finance,New York,4,2022-11-12
47,48557.81,10,4,,Marketing,New York,5,2020-11-13
28,20730.01,14,0,9.7,Engineering,Chicago,3,2021-06-08
45,124113.93,11,13,10.0,Marketing,Los Angeles,5,2022-06-23
21,202609.33,10,3,10.0,Engineering,Chicago,4,2023-07-23
41,258756.65,13,7,10.0,Finance,Chicago,5,2022-10-20
52,76429.42,13,3,5.3,Engineering,Houston,4,2021-09-11
18,83307.69,21,0,10.0,Sales,New York,3,2022-08-10
25,149199.87,15,6,7.0,HR,New York,4,2023-06-06
41,69108.74,9,13,8.1,Finance,Phoenix,2,2023-02-05
32,125424.33,12,7,10.0,HR,Chicago,3,2022-03-11
39,230106.04,17,12,8.9,Finance,Chicago,3,2022-07-04
27,271626.57,20,7,10.0,HR,Los Angeles,3,2023-04-14
36,78755.11,9,4,10.0,Sales,New York,3,2020-11-15
33,103317.86,8,15,10.0,HR,Los Angeles,4,2023-08-02
49,88263.66,19,6,7.6,Engineering,Houston,5,2022-05-25
38,81060.83,15,7,4.3,HR,Phoenix,2,2020-11-24
39,71502.53,11,1,5.7,Finance,Los Angeles,5,2022-01-22
30,147278.12,15,7,4.2,Marketing,New York,5,2021-10-18
29,134180.78,8,6,7.4,HR,Houston,2,2023-10-11
29,61246.96,14,1,9.3,HR,Chicago,3,2022-11-03
39,183838.52,14,0,9.1,HR,Houston,4,2023-07-22
29,111307.76,16,7,6.3,Finance,Los Angeles,4,2020-03-11
38,111381.72,10,11,8.4,HR,New York,4,2022-04-06
59,74982.23,14,5,10.0,Finance,Los Angeles,4,2023-05-03
45,24962.44,11,2,10.0,Finance,Chicago,3,2022-05-14
31,189845.08,14,8,5.0,Marketing,Chicago,1,2022-07-16
49,110233.85,11,0,5.9,Engineering,New York,3,2020-04-15
30,83292.61,12,4,10.0,Finance,Phoenix,1,2022-02-08
18,78860.26,11,0,10.0,Sales,Houston,4,2022-06-11
22,123383.23,15,1,10.0,HR,Houston,4,2020-07-14
18,43227.78,16,0,,Sales,Chicago,3,2020-05-24
30,73728.5,13,3,7.8,HR,Los Angeles,5,2023-10-05
35,129650.94,14,0,10.0,Marketing,Los Angeles,3,2021-04-15
55,44224.35,9,4,10.0,Finance,Phoenix,4,2020-08-03
38,120913.61,13,5,10.0,Engineering,Los Angeles,4,2023-01-21
32,52984.87,13,5,8.4,Finance,Houston,5,2020-09-16
44,163469.06,21,3,6.7,HR,Los Angeles,4,2022-07-22
18,71348.13,10,0,10.0,Engineering,Phoenix,2,2021-07-28
37,47612.17,18,1,10.0,Finance,Houston,5,2020-10-11
44,211297.99,16,5,10.0,Engineering,Los Angeles,4,2021-04-28
18,60365.5,14,0,,HR,Houston,2,2021-01-06
48,70233.77,19,0,7.9,Marketing,Chicago,4,2020-03-10
39,130475.35,15,6,10.0,Marketing,Chicago,4,2021-01-13
30,209603.66,15,6,7.5,Finance,Chicago,3,2023-07-26
42,90471.02,13,16,6.8,Sales,Los Angeles,3,2020-10-28
62,131459.75,17,6,8.7,HR,Phoenix,4,2020-09-11
37,236922.74,17,19,6.5,Finance,Houston,4,2022-08-01
37,112984.98,12,0,10.0,Finance,New York,3,2021-11-22
29,79329.71,10,0,10.0,Marketing,Chicago,2,2023-07-11
24,69521.77,13,0,,Engineering,Chicago,3,2022-04-13
44,52940.95,11,1,,HR,New York,4,2021-12-17
24,113362.43,13,6,10.0,Engineering,New York,4,2021-02-27
35,80310.41,17,8,5.2,HR,Los Angeles,3,2020-07-31
29,18541.79,12,0,9.5,Sales,Houston,3,2020-04-09
40,218191.06,13,22,5.6,Marketing,Chicago,2,2023-02-09
39,232830.13,14,14,10.0,Sales,Phoenix,4,2020-11-03
47,31867.93,16,2,4.6,Finance,Los Angeles,1,2021-11-08
28,39455.21,8,0,10.0,Marketing,Los Angeles,1,2021-04-19
31,114327.76,12,1,9.3,Finance,Phoenix,1,2020-04-21
23,256018.92,14,1,3.1,Sales,Phoenix,4,2023-01-15
29,104030.44,17,1,10.0,HR,Phoenix,3,2020-07-01
39,69397.04,12,5,,Finance,New York,3,2021-08-19
44,65620.84,8,2,10.0,Engineering,Chicago,5,2020-06-13
23,207625.42,15,3,9.7,HR,New York,2,2022-03-25
45,135929.36,12,27,9.6,HR,Chicago,3,2020-03-30
51,70623.25,10,9,10.0,Sales,New York,5,2021-03-30
39,128659.59,12,21,8.7,Sales,Houston,3,2020-08-25
57,54449.83,13,1,10.0,Marketing,Chicago,3,2021-06-17
25,97690.0,12,3,8.6,Marketing,Los Angeles,2,2021-12-27
20,162013.68,8,2,5.2,Engineering,Chicago,4,2020-02-27
18,110973.98,16,0,,HR,Chicago,3,2021-06-25
52,86428.7,17,0,9.0,Engineering,Chicago,4,2022-10-18
42,109848.49,15,8,10.0,Engineering,Houston,3,2021-09-09
34,46537.98,10,8,8.3,Sales,New York,3,2021-02-05
38,155871.24,13,4,10.0,Engineering,Los Angeles,4,2022-10-02
21,92388.01,13,3,3.1,Engineering,New York,5,2022-04-21
64,99545.72,15,4,9.9,Finance,New York,2,2022-04-18
36,466057.93,16,0,,Marketing,Phoenix,4,2021-06-02
36,101831.6,11,3,6.6,Marketing,Houston,3,2020-07-15
43,62841.02,14,1,10.0,HR,Phoenix,3,2020-02-15
40,73358.37,15,0,7.3,Marketing,Houston,3,2021-06-13
37,352100.4,18,19,6.5,HR,New York,4,2022-09-26
25,134894.9,16,7,8.6,Finance,New York,3,2022-02-14
40,68998.33,16,10,9.5,Marketing,Houston,3,2020-03-14
57,158711.78,14,3,9.3,Finance,New York,1,2020-11-30
51,83726.37,18,3,10.0,Marketing,New York,2,2021-09-24
54,254803.97,15,2,5.9,Marketing,Los Angeles,5,2021-11-18
28,130870.21,11,0,5.7,Finance,Phoenix,5,2021-07-28
23,85369.88,18,1,6.6,Engineering,Phoenix,4,2020-10-22
33,286651.72,16,12,7.5,Engineering,Phoenix,3,2023-01-12
35,119844.3,12,9,10.0,Engineering,Chicago,3,2022-11-04
48,159087.31,12,6,9.9,Engineering,Los Angeles,4,2023-03-03
18,111061.03,14,0,7.4,Marketing,Phoenix,5,2021-04-22
53,118926.34,15,20,10.0,Sales,Phoenix,3,2021-09-24
33,63176.89,14,0,10.0,Finance,Los Angeles,4,2020-11-14
29,160453.48,14,2,4.8,Sales,New York,5,2021-04-23
22,102445.38,19,3,10.0,Sales,Phoenix,4,2021-01-02
18,80131.76,17,0,4.9,HR,New York,3,2021-01-01
44,124345.17,14,26,10.0,Engineering,Phoenix,1,2023-08-04
35,128363.47,16,2,10.0,Marketing,Houston,3,2021-01-12
19,213886.29,10,1,7.4,Engineering,Chicago,3,2021-04-07
19,55899.71,15,1,8.4,Engineering,Phoenix,3,2020-01-13
30,117257.85,19,2,10.0,Sales,Houston,3,2021-06-19
55,203077.09,13,4,9.2,HR,Los Angeles,4,2023-04-06
31,87942.48,11,4,10.0,Engineering,Houston,3,2020-09-26
18,100171.93,12,0,5.1,Finance,Los Angeles,3,2022-12-29
32,44834.83,10,1,7.0,Finance,Phoenix,4,2023-09-03
31,151160.06,11,12,10.0,Engineering,Los Angeles,4,2021-01-10
18,72757.35,12,0,10.0,Sales,Houston,4,2023-01-17
34,169428.11,9,10,10.0,Sales,Chicago,2,2020-09-13
32,189374.78,14,4,8.9,Marketing,New York,4,2020-08-04
43,448048.84,16,6,10.0,HR,New York,3,2021-03-25
57,173231.16,11,14,10.0,Sales,Chicago,2,2022-06-12
48,197460.31,18,13,10.0,Marketing,New York,4,2023-03-10
31,165092.0,15,13,7.8,Finance,Phoenix,3,2023-03-30
21,82180.11,17,0,10.0,Finance,Phoenix,3,2020-02-01
65,137209.31,12,9,2.8,Finance,Houston,3,2023-03-21
35,85528.16,16,1,10.0,Engineering,Houston,3,2023-07-07
35,94816.55,10,4,7.2,HR,Los Angeles,3,2023-07-26
34,237203.68,16,6,7.9,Marketing,Houston,4,2023-08-01
37,63229.04,14,4,10.0,HR,Phoenix,2,2021-09-01
33,200661.27,15,5,5.1,Engineering,Houston,5,2022-07-05
28,210485.03,10,10,6.5,Marketing,New York,3,2021-06-25
28,75485.3,11,1,10.0,Marketing,Los Angeles,2,2020-05-27
34,45566.44,15,9,7.7,Sales,Los Angeles,2,2021-10-17
28,67531.4,11,4,7.5,HR,Phoenix,3,2020-03-07
26,182330.85,15,1,10.0,HR,Houston,4,2021-07-23
36,71625.76,9,1,9.1,Sales,New York,2,2023-07-26
31,94526.51,16,13,7.5,Finance,Houston,3,2022-01-17
53,101574.36,10,16,9.7,Engineering,Chicago,4,2021-03-18
18,138219.84,15,0,9.0,HR,Houston,1,2022-06-15
48,298327.83,15,30,10.0,Sales,Phoenix,4,2021-02-02
49,71058.69,11,1,,Marketing,Houston,4,2023-02-25
18,75574.83,15,0,9.3,Sales,Los Angeles,3,2023-09-22
30,100314.14,14,8,7.6,Finance,New York,3,2021-04-26
30,62968.87,12,5,7.3,Engineering,Phoenix,1,2022-08-05
18,162890.75,10,0,8.9,Finance,Chicago,4,2020-07-04
25,63984.0,8,3,8.1,Marketing,New York,2,2020-06-17
21,191881.24,15,3,5.1,Marketing,New York,3,2023-07-07
56,191928.11,9,6,7.8,Marketing,Los Angeles,3,2021-05-21
46,150755.46,14,1,9.2,Marketing,Los Angeles,3,2021-06-04
50,84140.43,13,5,6.6,Sales,Los Angeles,3,2020-06-09
43,150202.66,16,6,5.6,Marketing,Phoenix,4,2023-08-05
21,94899.46,13,3,10.0,Marketing,Houston,3,2020-12-05
28,55817.81,13,1,10.0,Sales,New York,5,2023-02-03
40,166567.55,16,10,7.8,Marketing,Houston,4,2021-12-04
20,50350.85,15,0,8.3,Finance,Houston,3,2023-03-22
43,181510.79,14,3,8.7,Finance,Los Angeles,3,2022-04-02
32,115149.4,15,12,7.1,HR,Houston,3,2022-02-23
30,99190.55,9,6,8.2,Finance,New York,4,2023-03-18
43,119666.69,16,2,9.9,Engineering,New York,3,2023-04-26
40,115659.04,15,9,10.0,Engineering,Chicago,5,2020-05-10
30,126608.93,10,6,9.7,Engineering,Phoenix,4,2021-05-30
48,105393.99,13,12,6.2,Sales,Houston,3,2023-07-10
22,154953.34,13,4,9.8,Finance,Phoenix,4,2021-06-19
42,57527.82,13,7,10.0,Engineering,Phoenix,3,2022-01-10
42,120888.52,15,5,8.0,HR,Phoenix,4,2022-02-19
31,281496.16,18,1,10.0,Sales,Phoenix,3,2023-08-11
38,65407.77,17,2,7.2,HR,New York,1,2023-07-22
19,54342.66,10,1,6.1,Finance,Houston,2,2021-08-10
46,158474.54,15,7,8.5,Marketing,Chicago,4,2023-08-24
32,134079.24,17,5,10.0,HR,Phoenix,3,2021-12-26
28,119004.43,15,2,,Marketing,Chicago,5,2022-07-31
47,125222.24,17,0,7.6,Sales,New York,2,2022-09-23
26,187047.26,20,5,9.5,HR,New York,3,2021-01-10
18,170774.92,17,0,8.8,HR,Los Angeles,2,2023-03-27
18,106977.96,14,0,6.4,Sales,Phoenix,3,2020-07-22
42,86909.53,17,0,6.5,Sales,Los Angeles,3,2022-09-15
19,128097.34,14,1,6.2,Engineering,Chicago,2,2021-10-22
56,473234.85,14,22,7.2,Finance,Houston,4,2020-03-15
18,74767.64,12,0,3.1,HR,Los Angeles,3,2022-01-10
55,78080.71,18,5,8.4,HR,New York,3,2020-10-30
37,132651.1,11,0,10.0,Sales,Phoenix,3,2022-12-21
33,129253.83,18,7,10.0,Sales,Chicago,4,2021-07-23
28,39827.79,15,6,8.6,Finance,New York,3,2022-02-24
39,126485.92,9,4,5.2,Sales,Houston,3,2023-02-05
34,86835.45,15,5,9.4,Marketing,Phoenix,3,2023-04-25
48,118702.29,8,18,4.4,Marketing,Houston,4,2022-09-13
36,112540.8,15,1,10.0,Marketing,Houston,4,2020-08-16
36,103856.07,16,0,3.9,Marketing,Phoenix,3,2022-12-07
30,182259.52,12,12,10.0,Finance,Phoenix,3,2020-09-24
34,91134.33,14,6,9.6,HR,Houston,4,2021-12-27
38,251814.83,19,17,10.0,Marketing,Chicago,5,2022-03-12
18,70170.55,12,0,9.3,Sales,Phoenix,4,2020-09-10
18,105087.9,10,0,6.9,Marketing,New York,5,2022-08-14
43,165980.35,18,4,10.0,Finance,Los Angeles,4,2022-05-19
37,102257.18,19,11,10.0,Sales,Chicago,4,2020-03-27
32,255017.65,14,14,9.8,Marketing,Phoenix,3,2023-04-19
35,97502.6,17,6,,HR,Phoenix,3,2022-11-14
39,159921.52,18,1,7.9,Sales,Chicago,2,2020-08-09
28,100799.75,11,2,8.6,Sales,Los Angeles,4,2022-09-16
25,210310.31,12,1,4.8,HR,Houston,5,2021-01-31
37,96454.72,17,2,4.9,Sales,New York,4,2022-07-26
23,97281.34,19,2,10.0,Marketing,Phoenix,3,2021-05-25
39,116884.93,15,6,9.0,Sales,Los Angeles,2,2021-07-14
18,65535.51,11,0,9.7,Marketing,New York,3,2022-04-25
47,188528.27,19,4,5.9,HR,Chicago,3,2021-03-15
40,48069.67,12,7,4.5,Engineering,Phoenix,4,2023-04-13
38,47174.85,12,0,10.0,HR,Houston,5,2020-11-06
46,53230.63,15,0,3.9,Marketing,Chicago,1,2023-07-21
54,171710.19,18,1,6.3,Finance,Phoenix,1,2020-02-04
47,277606.99,16,5,5.8,HR,Los Angeles,4,2020-08-04
18,86169.03,15,0,10.0,Finance,New York,3,2021-12-21
19,87611.72,15,1,5.0,Finance,New York,4,2022-10-12
27,108316.89,14,4,10.0,Marketing,Phoenix,3,2021-06-02
35,267802.53,15,13,10.0,Marketing,Chicago,3,2020-09-25
41,41114.25,8,0,9.2,Engineering,Houston,3,2021-09-29
26,131737.4,13,8,3.2,Sales,Los Angeles,2,2021-04-19
37,198697.69,14,8,6.3,HR,Phoenix,3,2023-09-10
25,125969.97,10,7,10.0,Marketing,Los Angeles,2,2023-10-11
27,144732.88,15,9,10.0,HR,New York,3,2020-03-30
18,137782.57,13,0,10.0,Finance,Houston,3,2022-12-01
23,28620.68,19,1,9.7,Sales,Los Angeles,1,2023-10-20
18,142708.17,18,0,3.3,Engineering,Phoenix,1,2023-05-10
23,69129.79,12,4,8.4,HR,Houston,3,2023-10-21
47,43475.68,13,6,5.6,Sales,Chicago,4,2022-09-08
23,134814.36,13,5,8.8,Engineering,Phoenix,5,2020-10-14
65,230233.71,12,9,6.7,HR,Los Angeles,2,2021-04-25
40,166805.59,14,21,6.9,Sales,Houston,2,2021-09-28
37,239474.92,11,19,9.7,Marketing,Phoenix,2,2021-05-15
24,211430.28,10,6,10.0,HR,Houston,3,2020-02-21
43,192732.43,15,2,5.9,Sales,Houston,4,2020-04-12
28,309198.3,15,10,6.2,Engineering,Houston,4,2023-10-16
36,110525.45,11,0,8.7,Sales,Los Angeles,4,2021-11-29
65,107854.51,16,2,10.0,Marketing,Phoenix,3,2023-05-13
33,62761.07,12,15,7.2,HR,New York,3,2022-11-03
48,84774.3,14,2,7.8,HR,New York,5,2021-04-14
26,65034.83,16,1,,HR,Los Angeles,3,2023-08-20
34,259670.98,13,1,8.4,Marketing,Los Angeles,3,2021-03-02
56,145504.69,15,15,8.2,Engineering,Houston,5,2020-04-19
27,106213.16,12,5,9.3,HR,Phoenix,4,2021-05-29
56,154064.1,13,8,10.0,Engineering,Phoenix,4,2020-03-08
43,93903.27,13,2,3.1,Sales,Chicago,3,2023-06-23
28,266979.72,11,10,8.4,Engineering,Chicago,3,2021-01-23
42,94829.84,13,11,10.0,Engineering,New York,2,2020-11-03
46,83655.95,9,2,5.5,HR,Chicago,4,2023-10-07
42,66140.97,12,4,9.5,Finance,Chicago,2,2022-12-25
18,43169.86,13,0,6.5,Finance,New York,4,2021-04-04
26,86119.99,13,8,3.5,Marketing,New York,4,2020-12-12
32,114790.38,13,8,5.6,Marketing,Chicago,3,2020-11-20
34,121302.74,13,16,9.7,Finance,Phoenix,2,2021-10-28
42,70642.73,15,2,10.0,Sales,Chicago,1,2022-11-22
37,74783.78,16,12,7.1,HR,Houston,4,2020-03-08
18,76642.31,12,0,10.0,HR,Houston,4,2020-07-05
39,49629.99,10,9,10.0,Sales,Houston,4,2020-07-10
42,233662.38,10,24,5.7,Sales,Los Angeles,3,2023-05-21
41,99907.38,12,4,10.0,Finance,Houston,3,2021-03-03
47,40476.3,12,1,,Marketing,Phoenix,4,2023-10-06
45,91473.54,11,8,5.8,Sales,Los Angeles,3,2023-02-05
40,74797.08,10,10,10.0,Marketing,Los Angeles,4,2023-06-17
34,121833.29,12,6,10.0,Engineering,Houston,4,2020-08-03
18,170364.23,14,0,10.0,HR,Chicago,3,2020-06-25
40,44437.9,15,5,9.5,Finance,New York,2,2023-09-15
37,93086.14,12,2,4.4,HR,Chicago,3,2021-07-14
38,88495.99,12,4,10.0,Finance,Chicago,2,2022-05-30
19,112016.06,11,1,5.9,Engineering,Los Angeles,4,2021-09-17
22,111505.48,13,4,10.0,HR,Los Angeles,4,2021-08-29
47,57599.14,11,2,8.3,Engineering,Los Angeles,4,2020-06-27
34,92882.02,15,4,7.8,Finance,Phoenix,4,2021-01-29
43,48295.03,8,2,7.8,Sales,Phoenix,2,2023-03-14
35,143666.67,12,1,5.2,HR,New York,3,2022-05-25
35,140945.45,14,12,10.0,Engineering,Los Angeles,4,2022-08-19
46,439720.01,14,19,10.0,HR,Houston,2,2020-07-16
28,129648.52,22,3,7.8,HR,Los Angeles,4,2022-08-26
36,98749.57,15,11,10.0,HR,Phoenix,4,2023-01-12
29,52814.7,10,11,10.0,Marketing,Los Angeles,3,2021-10-30
29,52553.88,13,11,2.9,Engineering,Phoenix,3,2023-01-13
31,31085.88,8,1,5.7,Engineering,Los Angeles,3,2021-04-01
37,186148.84,13,19,8.1,HR,Houston,4,2023-06-30
29,113103.86,11,3,10.0,Sales,New York,3,2020-03-12
50,49250.66,16,3,10.0,HR,Houston,5,2020-08-10
24,124988.44,12,0,9.3,Marketing,Phoenix,3,2020-10-02
32,82003.91,13,5,10.0,Finance,Chicago,5,2023-06-23
29,85978.61,12,0,10.0,Marketing,Houston,2,2023-09-26
52,259401.21,19,2,10.0,Sales,Los Angeles,2,2021-07-26
37,150405.57,13,3,4.9,HR,New York,4,2022-07-12
47,151936.92,19,13,8.8,Engineering,Los Angeles,4,2021-04-15
18,60470.77,16,0,6.8,HR,Los Angeles,3,2021-03-29
38,34053.67,15,2,10.0,Sales,Houston,4,2022-08-26
45,110893.98,15,15,3.7,Engineering,New York,4,2020-01-07
35,142963.04,15,15,10.0,Marketing,Chicago,1,2020-07-06
47,61849.04,8,11,8.1,Finance,Los Angeles,3,2020-01-04
28,82131.0,13,1,10.0,Finance,New York,4,2022-06-25
51,142272.7,16,9,9.9,HR,Chicago,3,2023-02-22
62,160483.91,13,23,6.2,Marketing,Los Angeles,3,2022-11-04
30,72288.2,9,9,10.0,Sales,New York,4,2022-08-17
29,104505.86,13,3,5.3,Finance,Houston,3,2021-06-08
52,164197.4,19,5,7.9,Marketing,Los Angeles,1,2021-09-21
53,79580.51,17,8,9.7,HR,Los Angeles,5,2023-06-17
28,211402.43,13,5,10.0,Engineering,New York,3,2022-02-13
29,94372.74,16,1,10.0,HR,Los Angeles,4,2020-12-25
31,88715.72,12,2,6.5,HR,Chicago,4,2021-06-01
18,93143.25,8,0,6.1,Marketing,Los Angeles,2,2023-09-05
23,107118.28,11,5,9.2,Finance,Phoenix,2,2023-06-08
22,171953.25,18,1,4.5,Marketing,Chicago,3,2022-11-19
25,130167.3,13,7,6.9,Engineering,New York,3,2022-07-09
34,70717.79,13,3,,Marketing,Chicago,4,2023-03-25
37,140103.0,13,8,10.0,Sales,Phoenix,4,2022-05-01
53,92143.51,19,11,7.8,HR,Phoenix,3,2022-07-23
23,134194.14,18,5,10.0,Finance,Los Angeles,3,2022-06-19
46,230375.33,20,23,10.0,Engineering,Los Angeles,3,2021-02-02
32,86561.69,13,3,10.0,HR,Houston,3,2023-10-01
34,143030.87,14,15,10.0,Marketing,Chicago,3,2023-05-03
43,28274.61,9,1,6.2,Sales,Houston,2,2020-06-16
21,88877.91,18,3,5.6,Marketing,Phoenix,4,2021-01-11
39,114123.3,10,10,9.4,HR,Los Angeles,2,2023-10-17
36,136893.77,14,9,6.8,Engineering,Los Angeles,3,2023-06-21
40,47792.3,10,2,10.0,Finance,Los Angeles,4,2021-08-29
38,270789.74,12,16,10.0,HR,New York,1,2022-10-07
64,51929.38,11,1,9.8,Engineering,Phoenix,3,2021-08-11
27,129726.8,12,0,7.9,HR,Los Angeles,3,2023-04-09
28,148378.19,12,10,7.7,Sales,Phoenix,1,2023-05-15
27,72293.34,12,5,10.0,Marketing,Los Angeles,2,2023-03-23
28,344080.87,16,10,8.0,Finance,Chicago,5,2020-02-17
27,45985.93,10,3,4.2,Engineering,Phoenix,3,2022-10-21
49,144905.34,14,1,10.0,Finance,Houston,5,2023-02-04
52,274902.34,17,14,8.8,Finance,New York,3,2020-06-21
28,74273.65,12,6,7.6,Finance,Houston,3,2021-05-20
25,160646.27,11,1,9.7,Engineering,Phoenix,3,2023-02-27
40,110564.13,13,10,10.0,Engineering,Los Angeles,3,2021-02-01
28,141597.26,17,5,10.0,Finance,Phoenix,3,2020-10-20
42,134018.65,14,7,6.9,Marketing,New York,3,2021-07-05
37,89646.06,12,4,4.2,HR,Phoenix,3,2022-04-29
18,136174.83,15,0,,Finance,Los Angeles,2,2022-11-05
53,183600.92,10,14,10.0,Sales,Houston,3,2022-06-03
56,57114.26,16,9,3.5,Finance,Chicago,3,2023-10-04
27,174287.38,15,0,9.4,Engineering,Houston,3,2022-09-30
30,58201.52,13,12,9.7,HR,Los Angeles,4,2023-05-11
38,178917.96,11,8,9.6,Sales,Los Angeles,4,2020-05-13
39,194240.72,11,9,10.0,HR,New York,3,2022-02-09
42,60510.34,15,3,10.0,HR,Phoenix,2,2021-05-22
59,143721.3,17,16,10.0,Sales,Phoenix,3,2022-12-25
32,68945.4,12,10,9.0,Finance,Houston,4,2021-04-24
25,81538.47,15,0,6.5,Finance,Chicago,1,2022-05-12
18,56037.12,8,0,9.5,Finance,Chicago,4,2021-04-03
26,165174.85,12,8,8.7,Marketing,New York,3,2023-09-27
34,160823.62,13,0,4.9,Finance,Los Angeles,2,2021-09-17
56,352458.57,11,26,8.4,Sales,New York,3,2020-06-07
28,83484.55,11,9,,Marketing,Phoenix,3,2020-06-09
37,92728.49,11,7,4.8,Finance,Los Angeles,4,2023-07-01
34,41318.26,14,2,6.2,Marketing,New York,3,2022-07-28
49,61407.32,13,2,7.9,Sales,Houston,3,2020-06-03
65,222381.54,8,22,8.7,Finance,Phoenix,3,2021-04-30
28,161278.55,8,2,10.0,Engineering,Chicago,4,2021-03-07
29,66805.31,12,11,9.9,Sales,New York,3,2022-11-16
47,77638.64,15,3,7.9,HR,Phoenix,1,2022-09-30
43,67736.06,8,1,10.0,HR,Phoenix,3,2022-11-01
57,91907.5,12,0,10.0,Sales,Chicago,2,2020-03-07
42,69287.5,12,6,6.6,HR,Chicago,4,2021-06-25
30,201119.31,18,12,10.0,Sales,Chicago,2,2020-04-05
42,72496.94,12,3,10.0,Engineering,New York,3,2020-08-02
48,103655.33,15,3,9.2,Sales,Chicago,3,2020-07-12
44,131711.97,14,3,9.5,Finance,Houston,5,2023-08-06
41,81972.68,8,5,10.0,Finance,Phoenix,3,2022-06-03
47,91093.35,16,4,10.0,Marketing,Chicago,3,2020-02-08
49,148516.37,14,16,10.0,HR,Phoenix,5,2022-07-27
51,108581.12,15,5,10.0,HR,Los Angeles,3,2022-07-27
42,120727.21,22,5,8.1,Sales,Los Angeles,5,2020-07-24
32,60305.51,8,1,4.8,HR,Chicago,1,2022-07-30
36,445026.1,19,18,,Finance,Phoenix,3,2021-07-08
49,121622.71,13,2,5.7,Engineering,Los Angeles,4,2021-04-28
25,75186.62,14,0,10.0,Sales,Chicago,4,2023-09-22
39,165687.47,13,8,10.0,HR,Phoenix,3,2022-02-09
30,91276.83,12,7,8.9,Finance,Chicago,5,2020-09-05
35,172360.11,12,4,10.0,Marketing,Phoenix,3,2023-01-02
50,125820.48,14,4,9.7,HR,Los Angeles,4,2021-01-07
37,104632.18,9,12,6.5,Engineering,Chicago,3,2022-05-28
35,124015.28,16,1,8.4,Engineering,Los Angeles,3,2022-04-14
18,36425.32,12,0,5.3,HR,Chicago,5,2022-05-20
43,57886.28,10,8,10.0,HR,New York,5,2021-12-02
42,52776.24,12,4,10.0,Finance,Los Angeles,3,2020-05-17
60,126379.54,17,4,8.2,HR,Los Angeles,1,2022-08-05
31,208986.52,12,2,10.0,Marketing,Houston,2,2021-04-01
37,429422.15,15,11,10.0,Finance,Los Angeles,3,2022-03-24
37,131151.24,11,5,8.2,Sales,Phoenix,1,2022-04-02
53,139482.67,16,3,4.2,Marketing,Chicago,3,2022-07-30
33,51796.98,16,7,9.9,Finance,New York,3,2021-03-19
38,160575.74,19,20,9.4,Finance,Phoenix,4,2020-12-18
42,67598.35,13,4,10.0,Engineering,Phoenix,2,2022-09-22
37,134984.74,16,19,10.0,Finance,Phoenix,3,2022-03-04
29,92148.69,14,3,5.7,Marketing,Phoenix,3,2021-02-14
37,77435.95,17,0,6.7,HR,New York,4,2021-11-08
47,29764.68,11,1,,Marketing,Houston,3,2021-03-28
22,164684.72,16,4,,Sales,Los Angeles,3,2021-02-22
36,51293.93,13,1,8.5,Finance,Phoenix,4,2021-03-25
26,94139.46,13,0,8.0,Finance,Los Angeles,4,2022-09-21
49,479423.42,14,19,10.0,Finance,Los Angeles,4,2023-02-12
18,55037.85,14,0,7.9,Finance,Phoenix,5,2020-02-20
28,35356.25,13,10,8.8,Engineering,Houston,4,2023-10-24
39,79320.89,14,1,10.0,Engineering,Los Angeles,4,2020-07-28
53,185144.04,18,1,10.0,HR,Chicago,2,2022-06-06
34,251370.99,16,0,10.0,Finance,Los Angeles,3,2022-09-24
28,76588.46,16,10,10.0,Sales,Phoenix,3,2022-09-19
57,209954.64,12,21,10.0,HR,New York,3,2022-04-29
18,60432.49,11,0,6.2,Finance,Los Angeles,3,2021-09-18
18,89548.64,16,0,5.6,Engineering,Houston,3,2021-11-09
40,442779.27,16,5,9.4,Sales,Chicago,4,2022-02-15
28,55154.64,18,3,6.1,HR,Chicago,3,2023-06-04
22,104306.52,12,3,6.2,Sales,New York,3,2021-10-24
43,142466.23,13,7,10.0,Finance,New York,5,2020-09-24
37,178119.89,9,10,10.0,Marketing,Los Angeles,3,2020-04-25
28,83905.71,12,0,6.4,Sales,Phoenix,3,2022-01-23
19,110143.21,16,0,9.6,Sales,Houston,3,2023-10-15
45,154360.86,12,27,9.4,Engineering,Chicago,4,2023-09-14
42,114252.29,15,2,9.8,Finance,New York,3,2022-11-29
33,70355.27,13,0,10.0,Sales,Houston,4,2020-06-30
57,124872.04,14,1,7.1,Finance,Phoenix,2,2023-05-17
22,60375.7,10,0,10.0,Engineering,Chicago,3,2022-06-21
18,105242.13,14,0,6.1,Finance,Chicago,3,2023-07-20
26,90185.82,8,8,10.0,Engineering,Phoenix,4,2023-02-16
34,168669.45,13,3,7.8,Engineering,Chicago,4,2022-08-03
37,80698.77,9,4,8.9,HR,Phoenix,4,2020-09-14
32,58588.82,17,9,10.0,Finance,Chicago,4,2021-05-23
39,221818.72,16,5,9.7,Marketing,Los Angeles,3,2020-04-01
19,60609.97,15,1,10.0,HR,Phoenix,4,2023-03-30
52,131995.47,18,16,10.0,Engineering,Houston,3,2020-05-28
34,56619.39,11,0,8.0,Marketing,Los Angeles,4,2020-04-26
48,335015.95,19,12,7.3,Sales,Houston,3,2021-04-02
39,38948.51,16,4,8.3,Sales,Chicago,2,2021-07-18
40,842156.16,13,22,,HR,Houston,3,2022-03-24
41,207819.2,17,5,9.7,Marketing,Los Angeles,3,2020-02-14
40,170536.39,10,22,5.9,Finance,Phoenix,3,2022-02-12
42,115006.66,11,11,5.1,Marketing,New York,4,2020-08-21
50,101371.23,12,2,7.6,HR,Houston,2,2023-10-30
37,134777.81,12,6,10.0,Finance,New York,3,2020-07-15
43,225637.54,10,25,6.4,Finance,Houston,4,2020-01-25
33,226538.41,17,15,6.4,Sales,Houston,3,2021-01-29
52,87351.85,13,0,10.0,Marketing,Phoenix,4,2021-12-14
26,115161.84,15,8,9.0,Finance,Chicago,3,2022-11-25
56,85185.17,12,3,7.6,HR,Los Angeles,5,2020-08-10
34,59298.1,8,0,7.6,Sales,Los Angeles,3,2022-05-13
18,153637.9,14,0,10.0,Finance,Los Angeles,1,2021-06-13
36,96748.99,8,2,10.0,Marketing,Chicago,3,2023-04-26
26,26881.32,13,8,10.0,Sales,New York,2,2020-09-13
45,110146.46,9,3,5.3,Marketing,Los Angeles,5,2021-10-15
27,168323.4,19,9,9.1,Marketing,New York,2,2023-03-05
29,93541.18,16,0,8.4,Marketing,Chicago,3,2021-08-13
18,71769.12,14,0,9.5,Sales,Chicago,3,2021-03-19
29,189211.05,17,2,10.0,Finance,Phoenix,4,2021-02-21
18,122479.7,11,0,4.1,Engineering,Los Angeles,3,2023-08-08
18,61688.44,15,0,10.0,Finance,Phoenix,5,2021-07-27
44,112171.59,14,1,9.6,Sales,Los Angeles,1,2020-05-08
44,69703.42,14,6,6.0,Engineering,Chicago,2,2022-10-07
40,54108.84,17,2,9.9,Engineering,Chicago,3,2020-12-06
23,82824.1,16,4,10.0,Engineering,Houston,4,2022-03-20
34,154265.04,14,3,10.0,HR,Houston,4,2023-07-04
34,200026.09,9,16,7.4,Sales,Chicago,2,2022-09-18
21,113350.72,11,3,8.9,HR,Chicago,1,2020-04-09
53,150031.5,13,5,6.5,Engineering,New York,4,2020-02-08
45,129744.16,14,3,9.3,HR,New York,2,2020-09-19
32,52701.88,10,0,3.3,HR,Phoenix,2,2020-05-29
35,258473.65,21,17,8.8,Sales,Houston,1,2021-11-20
37,151724.88,18,0,10.0,Marketing,Houston,1,2022-03-23
18,132380.6,15,0,10.0,HR,Chicago,3,2023-09-15
32,173726.17,14,2,10.0,HR,Chicago,2,2023-02-17
26,136874.95,13,3,7.1,Engineering,Phoenix,3,2020-08-06
22,95458.95,11,1,9.7,Engineering,Houston,4,2022-06-24
31,238124.16,14,12,8.6,Engineering,New York,3,2023-02-20
56,90309.53,14,1,5.1,Finance,Los Angeles,4,2020-08-31
42,65426.46,10,8,7.7,HR,Phoenix,2,2022-06-04
28,87864.17,15,1,8.1,Engineering,Los Angeles,4,2021-08-09
41,57552.78,13,0,10.0,Sales,New York,3,2021-06-01
